{
  "DE_params": {
    "mutation_factor": 0.5,
    "crossover_prob": 0.5,
    "strategy": "rand1_bin",
    "configspace": true,
    "boundary_fix_type": "random",
    "max_age": Infinity,
    "dimensions": 9,
    "output_path": "imp_features_boost",
    "async_strategy": "immediate"
  },
  "HB_params": {
    "min_fidelity": 12,
    "max_fidelity": 324,
    "min_clip": null,
    "max_clip": null,
    "eta": 3
  },
  "internals": {
    "initial_configs": [
      {
        "config_id": 0,
        "config": [
          0.0,
          0.2782346929902569,
          0.0,
          0.3530854059127275,
          0.33483460789975794,
          0.2846617209633035,
          0.5130759863641842,
          0.09749375012019271,
          0.8658211482751795
        ],
        "results": {
          "12.0": {
            "score": Infinity,
            "cost": -1,
            "info": {}
          }
        }
      },
      {
        "config_id": 1,
        "config": [
          0.5,
          0.22056743937943454,
          0.0,
          0.17038307832903793,
          0.7141410029386247,
          0.0,
          0.65090633414199,
          0.7739760316291208,
          0.5727920454563199
        ],
        "results": {
          "12.0": {
            "score": Infinity,
            "cost": -1,
            "info": {}
          }
        }
      },
      {
        "config_id": 2,
        "config": [
          0.0,
          0.28266347754891313,
          0.3333333333333333,
          0.8828178027194609,
          0.20565375725159968,
          0.9873179343530823,
          0.6180638650767228,
          0.43082708345352605,
          0.31699250014423125
        ],
        "results": {
          "12.0": {
            "score": Infinity,
            "cost": -1,
            "info": {}
          }
        }
      },
      {
        "config_id": 3,
        "config": [
          0.5,
          0.49458710302504794,
          0.3333333333333333,
          0.24368668995549647,
          0.09078597385274417,
          0.3891926985243873,
          0.7354262078824152,
          0.40990526977288294,
          0.0
        ],
        "results": {
          "12.0": {
            "score": Infinity,
            "cost": -1,
            "info": {}
          }
        }
      },
      {
        "config_id": 4,
        "config": [
          0.5,
          0.3768813085791721,
          0.0,
          0.6134728622734488,
          0.4274537554077953,
          0.7449480512024891,
          0.5777411420986104,
          0.22032134914789375,
          0.19999999999999998
        ],
        "results": {
          "12.0": {
            "score": Infinity,
            "cost": -1,
            "info": {}
          }
        }
      },
      {
        "config_id": 5,
        "config": [
          0.5,
          0.2077158728105877,
          0.3333333333333333,
          0.6415358142767185,
          0.6256239510546102,
          0.4672679154492888,
          0.6035397167585864,
          0.09749375012019271,
          0.5584962500721157
        ],
        "results": {
          "12.0": {
            "score": Infinity,
            "cost": -1,
            "info": {}
          }
        }
      },
      {
        "config_id": 6,
        "config": [
          0.0,
          0.5796971393803634,
          0.0,
          0.3238380416410651,
          0.4557988542607497,
          0.5,
          0.8959081695353269,
          0.30122582034293405,
          0.6832890014164742
        ],
        "results": {
          "12.0": {
            "score": Infinity,
            "cost": -1,
            "info": {}
          }
        }
      },
      {
        "config_id": 7,
        "config": [
          0.0,
          0.2768164205065535,
          0.3333333333333333,
          0.2780882886775657,
          0.698134925558296,
          0.21533827903669653,
          0.7839359152121553,
          0.09749375012019271,
          0.19999999999999998
        ],
        "results": {
          "12.0": {
            "score": Infinity,
            "cost": -1,
            "info": {}
          }
        }
      },
      {
        "config_id": 8,
        "config": [
          0.5,
          0.8461771581275217,
          0.0,
          0.5904495000650005,
          0.3924094536444045,
          0.5,
          0.024584975456739634,
          0.0,
          0.5491853096329674
        ],
        "results": {
          "12.0": {
            "score": Infinity,
            "cost": -1,
            "info": {}
          }
        }
      },
      {
        "config_id": 9,
        "config": [
          0.0,
          0.5955986860996836,
          0.0,
          0.8997744604099166,
          0.16192747505243305,
          0.9531442348383354,
          0.8030457244039527,
          0.2641604167868594,
          0.8909893083770042
        ],
        "results": {
          "12.0": {
            "score": Infinity,
            "cost": -1,
            "info": {}
          }
        }
      },
      {
        "config_id": 10,
        "config": [
          0.5,
          0.11748507191270209,
          0.3333333333333333,
          0.7673363342431682,
          0.791910104189136,
          0.8709128694087852,
          0.6412405640247949,
          0.6740656865597423,
          0.7098032082960527
        ],
        "results": {
          "12.0": {
            "score": Infinity,
            "cost": -1,
            "info": {}
          }
        }
      },
      {
        "config_id": 11,
        "config": [
          0.5,
          0.8558376735139103,
          0.3333333333333333,
          0.42462963272355553,
          0.9169870572405486,
          0.21533827903669653,
          0.7753605558125597,
          0.8869880158145604,
          0.7912889336229961
        ],
        "results": {
          "12.0": {
            "score": Infinity,
            "cost": -1,
            "info": {}
          }
        }
      },
      {
        "config_id": 12,
        "config": [
          0.0,
          0.12450878418742654,
          0.0,
          0.40658572515045877,
          0.5742048109586405,
          0.7449480512024891,
          0.493105794541785,
          0.8217895562604811,
          0.4857980995127572
        ],
        "results": {
          "12.0": {
            "score": Infinity,
            "cost": -1,
            "info": {}
          }
        }
      },
      {
        "config_id": 13,
        "config": [
          0.0,
          0.597161736087723,
          0.0,
          0.9468485166824597,
          0.4186315025193117,
          0.0,
          0.6517782766637995,
          0.40990526977288294,
          0.09999999999999999
        ],
        "results": {
          "12.0": {
            "score": Infinity,
            "cost": -1,
            "info": {}
          }
        }
      },
      {
        "config_id": 14,
        "config": [
          0.5,
          0.20204788105186172,
          0.3333333333333333,
          0.0006114746371066462,
          0.30608314504491513,
          0.9306765580733931,
          0.9148811706595853,
          0.45007328635684873,
          0.0
        ],
        "results": {
          "12.0": {
            "score": Infinity,
            "cost": -1,
            "info": {}
          }
        }
      },
      {
        "config_id": 15,
        "config": [
          0.0,
          0.04796005896811653,
          0.6666666666666666,
          0.8742376465214328,
          0.00776583070750007,
          0.0,
          0.03192795476467433,
          0.992366051731146,
          0.15849625007211562
        ],
        "results": {
          "12.0": {
            "score": Infinity,
            "cost": -1,
            "info": {}
          }
        }
      },
      {
        "config_id": 16,
        "config": [
          0.0,
          0.5191820301110252,
          0.0,
          0.6470418187724202,
          0.09881755804721497,
          0.6648489348245975,
          0.24267306600513483,
          0.16666666666666669,
          0.0
        ],
        "results": {
          "12.0": {
            "score": Infinity,
            "cost": -1,
            "info": {}
          }
        }
      },
      {
        "config_id": 17,
        "config": [
          0.0,
          0.8429897738428314,
          0.3333333333333333,
          0.4368645936850237,
          0.5058909290933258,
          0.9873179343530823,
          0.5979046228980951,
          0.30122582034293405,
          0.5554588851677638
        ],
        "results": {
          "12.0": {
            "score": Infinity,
            "cost": -1,
            "info": {}
          }
        }
      },
      {
        "config_id": 18,
        "config": [
          0.5,
          0.7859330779830468,
          0.3333333333333333,
          0.3595864938107263,
          0.6291949696796435,
          0.12596481820629613,
          0.11465795250945994,
          0.9500732863568488,
          0.31699250014423125
        ],
        "results": {
          "12.0": {
            "score": Infinity,
            "cost": -1,
            "info": {}
          }
        }
      },
      {
        "config_id": 19,
        "config": [
          0.5,
          0.9169207416114473,
          0.6666666666666666,
          0.8505472650388081,
          0.19864450905442338,
          0.0,
          0.7558984991207762,
          0.759098141946273,
          0.25849625007211563
        ],
        "results": {
          "12.0": {
            "score": Infinity,
            "cost": -1,
            "info": {}
          }
        }
      },
      {
        "config_id": 20,
        "config": [
          0.0,
          0.4745796176958325,
          0.6666666666666666,
          0.8688685260424758,
          0.19781020554937978,
          0.9672679154492888,
          0.22686307262302158,
          0.0,
          0.9862637357558793
        ],
        "results": {
          "12.0": {
            "score": Infinity,
            "cost": -1,
            "info": {}
          }
        }
      },
      {
        "config_id": 21,
        "config": [
          0.5,
          0.2824260344326432,
          0.3333333333333333,
          0.8610706828540157,
          0.42359603469761997,
          0.3413030972429927,
          0.94647782355586,
          0.09749375012019271,
          0.6491853096329675
        ],
        "results": {
          "12.0": {
            "score": Infinity,
            "cost": -1,
            "info": {}
          }
        }
      },
      {
        "config_id": 22,
        "config": [
          0.0,
          0.22867718811105353,
          0.0,
          0.28850453893583017,
          0.3579131403446653,
          0.3413030972429927,
          0.3457624604523436,
          0.7834066196901821,
          0.39068905956085187
        ],
        "results": {
          "12.0": {
            "score": Infinity,
            "cost": -1,
            "info": {}
          }
        }
      },
      {
        "config_id": 23,
        "config": [
          0.5,
          0.7320988389843666,
          0.0,
          0.04056743854456244,
          0.29505466598505886,
          0.12596481820629613,
          0.7110852107136424,
          0.714233703143708,
          0.39068905956085187
        ],
        "results": {
          "12.0": {
            "score": Infinity,
            "cost": -1,
            "info": {}
          }
        }
      },
      {
        "config_id": 24,
        "config": [
          0.0,
          0.03731904497506692,
          0.3333333333333333,
          0.7978686183423778,
          0.06840715965200346,
          0.12596481820629613,
          0.4285845813743701,
          0.22032134914789375,
          0.5
        ],
        "results": {
          "12.0": {
            "score": Infinity,
            "cost": -1,
            "info": {}
          }
        }
      },
      {
        "config_id": 25,
        "config": [
          0.0,
          0.18793297336278889,
          0.6666666666666666,
          0.9954026026893786,
          0.4258125752877193,
          0.6460148371100896,
          0.2989069481562663,
          0.6949875002403854,
          0.43219280948873623
        ],
        "results": {
          "12.0": {
            "score": Infinity,
            "cost": -1,
            "info": {}
          }
        }
      },
      {
        "config_id": 26,
        "config": [
          0.5,
          0.8092685183134142,
          0.3333333333333333,
          0.987697044205317,
          0.059877654862512904,
          0.2846617209633035,
          0.2418133854889609,
          0.16666666666666669,
          0.4857980995127572
        ],
        "results": {
          "12.0": {
            "score": Infinity,
            "cost": -1,
            "info": {}
          }
        }
      },
      {
        "config_id": 27,
        "config": [
          0.0,
          0.3517641284404893,
          0.0,
          0.6988241244601399,
          0.5209468377525004,
          0.5815080415468447,
          0.7326312461950648,
          0.8548805028241611,
          0.4857980995127572
        ],
        "results": {
          "36.0": {
            "score": Infinity,
            "cost": -1,
            "info": {}
          }
        }
      },
      {
        "config_id": 28,
        "config": [
          0.0,
          0.5092308750726421,
          0.3333333333333333,
          0.8854273191416174,
          0.3960709665393341,
          0.7719796553163858,
          0.7098008061875977,
          0.7203213491478938,
          0.6189824558880017
        ],
        "results": {
          "36.0": {
            "score": Infinity,
            "cost": -1,
            "info": {}
          }
        }
      },
      {
        "config_id": 29,
        "config": [
          0.5,
          0.7189162262048516,
          0.0,
          0.6602550448120785,
          0.40729565507613674,
          0.21533827903669653,
          0.8060861449132498,
          0.8649707598133364,
          0.19999999999999998
        ],
        "results": {
          "36.0": {
            "score": Infinity,
            "cost": -1,
            "info": {}
          }
        }
      },
      {
        "config_id": 30,
        "config": [
          0.5,
          0.6107643667725785,
          0.6666666666666666,
          0.8928632896884158,
          0.24036321164270602,
          0.6994031211808788,
          0.6984011393662265,
          0.40990526977288294,
          0.23219280948873622
        ],
        "results": {
          "36.0": {
            "score": Infinity,
            "cost": -1,
            "info": {}
          }
        }
      },
      {
        "config_id": 31,
        "config": [
          0.5,
          0.5266303243508401,
          0.3333333333333333,
          0.30777269568664206,
          0.42057131208238213,
          0.3891926985243873,
          0.8237525353707755,
          0.7320529037964602,
          0.7906890595608519
        ],
        "results": {
          "36.0": {
            "score": Infinity,
            "cost": -1,
            "info": {}
          }
        }
      },
      {
        "config_id": 32,
        "config": [
          0.5,
          0.7628820241387528,
          0.0,
          0.9184223484759951,
          0.9445531615255583,
          0.9672679154492888,
          0.6231477652388184,
          0.16666666666666669,
          0.9159871336778389
        ],
        "results": {
          "36.0": {
            "score": Infinity,
            "cost": -1,
            "info": {}
          }
        }
      },
      {
        "config_id": 33,
        "config": [
          0.0,
          0.8546907533442103,
          0.6666666666666666,
          0.6436336814650034,
          0.12711263876953285,
          0.2846617209633035,
          0.08162081082212852,
          0.8548805028241611,
          0.25849625007211563
        ],
        "results": {
          "36.0": {
            "score": Infinity,
            "cost": -1,
            "info": {}
          }
        }
      },
      {
        "config_id": 34,
        "config": [
          0.5,
          0.418923810230467,
          0.0,
          0.8605171749291428,
          0.5096561882103646,
          0.7587577676964933,
          0.3918008221798447,
          0.7787375569952493,
          0.19999999999999998
        ],
        "results": {
          "36.0": {
            "score": Infinity,
            "cost": -1,
            "info": {}
          }
        }
      },
      {
        "config_id": 35,
        "config": [
          0.5,
          0.824353845459701,
          0.0,
          0.18454191086517635,
          0.3255868505169834,
          0.12596481820629613,
          0.04911572091706076,
          0.09749375012019271,
          0.3584962500721156
        ],
        "results": {
          "36.0": {
            "score": Infinity,
            "cost": -1,
            "info": {}
          }
        }
      },
      {
        "config_id": 36,
        "config": [
          0.5,
          0.4238876587673688,
          0.3333333333333333,
          0.3694832335454407,
          0.049422880053731966,
          0.6826061944859854,
          0.7659584334915402,
          0.5974937501201928,
          0.4807354922057604
        ],
        "results": {
          "108.0": {
            "score": Infinity,
            "cost": -1,
            "info": {}
          }
        }
      },
      {
        "config_id": 37,
        "config": [
          0.5,
          0.32533422306450094,
          0.6666666666666666,
          0.42161312522943656,
          0.8072951587651641,
          0.9873179343530823,
          0.5951962006504262,
          0.759098141946273,
          0.15849625007211562
        ],
        "results": {
          "108.0": {
            "score": Infinity,
            "cost": -1,
            "info": {}
          }
        }
      },
      {
        "config_id": 38,
        "config": [
          0.0,
          0.4929489326332272,
          0.0,
          0.5562973885318855,
          0.6341106731487242,
          0.12596481820629613,
          0.2744925502708087,
          0.6666666666666667,
          0.8599912842187128
        ],
        "results": {
          "108.0": {
            "score": Infinity,
            "cost": -1,
            "info": {}
          }
        }
      },
      {
        "config_id": 39,
        "config": [
          0.0,
          0.008249765455832494,
          0.0,
          0.12875573987383926,
          0.9595375440093378,
          0.9740960467331898,
          0.359277657376983,
          0.0,
          0.5321928094887363
        ],
        "results": {
          "108.0": {
            "score": Infinity,
            "cost": -1,
            "info": {}
          }
        }
      },
      {
        "config_id": 40,
        "config": [
          0.0,
          0.7363848403680502,
          0.0,
          0.7064857403919631,
          0.6885011062661455,
          0.3891926985243873,
          0.7425768500872114,
          0.7739760316291208,
          0.9816983623255382
        ],
        "results": {
          "108.0": {
            "score": Infinity,
            "cost": -1,
            "info": {}
          }
        }
      },
      {
        "config_id": 41,
        "config": [
          0.5,
          0.06183675525334504,
          0.3333333333333333,
          0.8401431508605431,
          0.22558840540880382,
          0.4672679154492888,
          0.6287484880574878,
          0.9721483356941237,
          0.23219280948873622
        ],
        "results": {
          "108.0": {
            "score": Infinity,
            "cost": -1,
            "info": {}
          }
        }
      },
      {
        "config_id": 42,
        "config": [
          0.5,
          0.16985425042008986,
          0.0,
          0.15329710071162206,
          0.08112572987657997,
          0.8979444735226818,
          0.9033354434798034,
          0.9406426982957875,
          0.23219280948873622
        ],
        "results": {
          "324.0": {
            "score": Infinity,
            "cost": -1,
            "info": {}
          }
        }
      },
      {
        "config_id": 43,
        "config": [
          0.5,
          0.8343681343829004,
          0.0,
          0.3491320192434532,
          0.8654810504476228,
          0.6460148371100896,
          0.16085048785763953,
          0.43082708345352605,
          0.5614709844115208
        ],
        "results": {
          "324.0": {
            "score": Infinity,
            "cost": -1,
            "info": {}
          }
        }
      },
      {
        "config_id": 44,
        "config": [
          0.0,
          0.7614833766351268,
          0.6666666666666666,
          0.33850282673746124,
          0.1775596762360177,
          0.3413030972429927,
          0.6468716996885934,
          0.7834066196901821,
          0.7832890014164742
        ],
        "results": {
          "324.0": {
            "score": Infinity,
            "cost": -1,
            "info": {}
          }
        }
      },
      {
        "config_id": 45,
        "config": [
          0.0,
          0.8605096982087326,
          0.0,
          0.6866654217210593,
          0.21594187113346303,
          0.6826061944859854,
          0.6601916007723353,
          0.7641604167868594,
          0.0
        ],
        "results": {
          "324.0": {
            "score": Infinity,
            "cost": -1,
            "info": {}
          }
        }
      }
    ]
  }
}