{"config": {"class_weight": "balanced", "feature_load_cutoff": 7.50979051e-05, "interaction_cst": "no_interactions", "l2_regularization": 1.9804055e-06, "learning_rate": 0.028546223976, "max_depth": 3, "max_features": 0.3899944274732, "max_leaf_nodes": 4, "min_samples_leaf": 66}, "score": 0.5772739752606695, "info": {"data_0_score": 0.6485434637258234, "data_1_score": 0.7913616289432059, "data_2_score": 0.7525314516311578, "data_3_score": 0.7326015419500697, "data_all_score": 0.8171039695703605, "fidelity": 36.0}}