{
  "DE_params": {
    "mutation_factor": 0.5,
    "crossover_prob": 0.5,
    "strategy": "rand1_bin",
    "configspace": true,
    "boundary_fix_type": "random",
    "max_age": Infinity,
    "dimensions": 16,
    "output_path": "rf_bandpass",
    "async_strategy": "immediate"
  },
  "HB_params": {
    "min_fidelity": 4,
    "max_fidelity": 108,
    "min_clip": null,
    "max_clip": null,
    "eta": 3
  },
  "internals": {
    "initial_configs": [
      {
        "config_id": 0,
        "config": [
          0.34806147465400866,
          0.19315190436860144,
          0.6638050023935151,
          0.9637702643806992,
          0.47809245456446325,
          0.11781140233954533,
          0.8415029387739797,
          0.3333333333333333,
          0.0,
          0.6045309775610838,
          0.125,
          0.4873639603034222,
          0.8348728154231078,
          0.8,
          0.8,
          0.6
        ],
        "results": {
          "4.0": {
            "score": Infinity,
            "cost": -1,
            "info": {}
          }
        }
      },
      {
        "config_id": 1,
        "config": [
          0.5105701924320907,
          0.27527309426882735,
          0.39561207045924746,
          0.3716963975501626,
          0.08415356977738274,
          0.6792308012564662,
          0.48623444487006184,
          0.0,
          0.3333333333333333,
          0.5296097721657925,
          0.375,
          0.059295986276246715,
          0.09999999999999999,
          0.2,
          0.8,
          0.8
        ],
        "results": {
          "4.0": {
            "score": Infinity,
            "cost": -1,
            "info": {}
          }
        }
      },
      {
        "config_id": 2,
        "config": [
          0.882976821245118,
          0.5917186997660533,
          0.15211096633529067,
          0.05885770380602734,
          0.3366111663302029,
          0.2906103230242964,
          0.9156922333670982,
          0.3333333333333333,
          0.3333333333333333,
          0.7449480512024891,
          0.125,
          0.7429097923834438,
          0.31699250014423125,
          0.6,
          0.8,
          0.6
        ],
        "results": {
          "4.0": {
            "score": Infinity,
            "cost": -1,
            "info": {}
          }
        }
      },
      {
        "config_id": 3,
        "config": [
          0.4374978741902993,
          0.2589380595566273,
          0.2602397573950446,
          0.7609327349131711,
          0.7668940286455914,
          0.48304323090434964,
          0.06344225690411189,
          0.6666666666666666,
          0.0,
          0.9306765580733931,
          0.25,
          0.07973438866724684,
          0.5247927513443585,
          0.8,
          0.6,
          0.0
        ],
        "results": {
          "4.0": {
            "score": Infinity,
            "cost": -1,
            "info": {}
          }
        }
      },
      {
        "config_id": 4,
        "config": [
          0.6575300602203453,
          0.7598191437199668,
          0.7055164882990734,
          0.7003219352374762,
          0.8766725048491597,
          0.2686612478825827,
          0.37699272704480447,
          0.6666666666666666,
          0.6666666666666666,
          0.12596481820629613,
          0.25,
          0.3756382259480511,
          0.9124121311829188,
          1.0,
          0.4,
          0.6
        ],
        "results": {
          "4.0": {
            "score": Infinity,
            "cost": -1,
            "info": {}
          }
        }
      },
      {
        "config_id": 5,
        "config": [
          0.29569307552679996,
          0.14998987767107483,
          0.900646522504577,
          0.8936138823712921,
          0.9960885872534087,
          0.2405320833068259,
          0.6908397812679807,
          0.0,
          0.0,
          0.6648489348245975,
          0.875,
          0.6340705964392105,
          0.5,
          0.2,
          1.0,
          1.0
        ],
        "results": {
          "4.0": {
            "score": Infinity,
            "cost": -1,
            "info": {}
          }
        }
      },
      {
        "config_id": 6,
        "config": [
          0.7291538851919597,
          0.15914630992163167,
          0.005197072612315109,
          0.24200920574210938,
          0.4306704890686259,
          0.09601806912353382,
          0.9013643461748826,
          0.6666666666666666,
          0.3333333333333333,
          0.21533827903669653,
          0.125,
          0.7000288573072222,
          0.7499845887083206,
          0.4,
          0.6,
          1.0
        ],
        "results": {
          "4.0": {
            "score": Infinity,
            "cost": -1,
            "info": {}
          }
        }
      },
      {
        "config_id": 7,
        "config": [
          0.2618754963450029,
          0.2828516124345137,
          0.7045875171577582,
          0.06668078957567626,
          0.05812988022534245,
          0.9782811808835569,
          0.5299674570909426,
          0.3333333333333333,
          0.0,
          0.6259648182062961,
          0.75,
          0.6983382036828519,
          0.9782998208920414,
          0.4,
          1.0,
          0.2
        ],
        "results": {
          "4.0": {
            "score": Infinity,
            "cost": -1,
            "info": {}
          }
        }
      },
      {
        "config_id": 8,
        "config": [
          0.6924158672838734,
          0.4094105591700331,
          0.05261463224607914,
          0.4304475804947482,
          0.7441692918299756,
          0.8607747890852187,
          0.08879867042755422,
          0.3333333333333333,
          0.3333333333333333,
          0.2846617209633035,
          0.875,
          0.6057552700015801,
          0.945532722030456,
          1.0,
          1.0,
          0.6
        ],
        "results": {
          "4.0": {
            "score": Infinity,
            "cost": -1,
            "info": {}
          }
        }
      },
      {
        "config_id": 9,
        "config": [
          0.9066460046498906,
          0.9886575534865814,
          0.6990481520096143,
          0.8244305861474216,
          0.0059413614181294955,
          0.22261390450311944,
          0.44331848301161975,
          0.0,
          0.3333333333333333,
          0.9458340748040764,
          1.0,
          0.49108468903421565,
          0.7066089190457772,
          1.0,
          1.0,
          0.0
        ],
        "results": {
          "4.0": {
            "score": Infinity,
            "cost": -1,
            "info": {}
          }
        }
      },
      {
        "config_id": 10,
        "config": [
          0.5557919897846719,
          0.41952779904390936,
          0.4616601345689165,
          0.24901549697115394,
          0.26032318692577694,
          0.09558210413836835,
          0.07785058345557513,
          0.6666666666666666,
          0.6666666666666666,
          0.9672679154492888,
          1.0,
          0.5937711557331734,
          0.6228818690495881,
          0.0,
          0.6,
          0.0
        ],
        "results": {
          "4.0": {
            "score": Infinity,
            "cost": -1,
            "info": {}
          }
        }
      },
      {
        "config_id": 11,
        "config": [
          0.7758654517199338,
          0.36886401927100004,
          0.31515070571867626,
          0.9726205503045323,
          0.5129202266245152,
          0.06411768202912087,
          0.42504892638663655,
          0.6666666666666666,
          0.0,
          0.3413030972429927,
          1.0,
          0.8714835118843165,
          0.7189824558880017,
          0.2,
          0.8,
          0.2
        ],
        "results": {
          "4.0": {
            "score": Infinity,
            "cost": -1,
            "info": {}
          }
        }
      },
      {
        "config_id": 12,
        "config": [
          0.5486342864100734,
          0.24223403500883167,
          0.02823795446821007,
          0.01740077807901151,
          0.18919777338058705,
          0.9696244611052633,
          0.9896494395229648,
          0.0,
          0.0,
          0.0,
          0.625,
          0.16032544097915202,
          0.0,
          0.8,
          1.0,
          0.0
        ],
        "results": {
          "4.0": {
            "score": Infinity,
            "cost": -1,
            "info": {}
          }
        }
      },
      {
        "config_id": 13,
        "config": [
          0.3269518110326173,
          0.578778998562154,
          0.786221395235682,
          0.3097161557635597,
          0.011247125608663307,
          0.3592614410068316,
          0.6489619431863487,
          0.6666666666666666,
          0.3333333333333333,
          0.9740960467331898,
          0.75,
          0.14567366048286753,
          0.7022367813028454,
          0.8,
          0.2,
          0.4
        ],
        "results": {
          "4.0": {
            "score": Infinity,
            "cost": -1,
            "info": {}
          }
        }
      },
      {
        "config_id": 14,
        "config": [
          0.29800357401656546,
          0.8849120252565784,
          0.26296723831266333,
          0.36090656882606614,
          0.7813728611344,
          0.8669414723824201,
          0.05480316799122672,
          0.3333333333333333,
          0.3333333333333333,
          0.0,
          0.375,
          0.6788054886400354,
          0.745121111183233,
          1.0,
          0.6,
          0.8
        ],
        "results": {
          "4.0": {
            "score": Infinity,
            "cost": -1,
            "info": {}
          }
        }
      },
      {
        "config_id": 15,
        "config": [
          0.09173362356588921,
          0.27080141215475684,
          0.5915135191282777,
          0.3734441458420849,
          0.9049799324004661,
          0.20168253327888777,
          0.4965702646971142,
          0.3333333333333333,
          0.3333333333333333,
          0.7968463205835412,
          0.0,
          0.06472813144448793,
          0.9915879378835772,
          0.4,
          0.2,
          0.4
        ],
        "results": {
          "4.0": {
            "score": Infinity,
            "cost": -1,
            "info": {}
          }
        }
      },
      {
        "config_id": 16,
        "config": [
          0.5933813699702849,
          0.24519523765860865,
          0.3501509603152935,
          0.8260873242431971,
          0.06778608134417122,
          0.685282195717669,
          0.26036213276031983,
          0.3333333333333333,
          0.3333333333333333,
          0.8709128694087852,
          1.0,
          0.40932212500514303,
          0.5129283016944967,
          0.0,
          0.0,
          0.4
        ],
        "results": {
          "4.0": {
            "score": Infinity,
            "cost": -1,
            "info": {}
          }
        }
      },
      {
        "config_id": 17,
        "config": [
          0.25035865837972227,
          0.5194983004494705,
          0.023417413759407195,
          0.8713294666625756,
          0.546180505764718,
          0.8425668802222906,
          0.26364965294184706,
          0.0,
          0.6666666666666666,
          0.7719796553163858,
          0.625,
          0.6177980658440374,
          0.8879583249612784,
          0.8,
          0.8,
          0.4
        ],
        "results": {
          "4.0": {
            "score": Infinity,
            "cost": -1,
            "info": {}
          }
        }
      },
      {
        "config_id": 18,
        "config": [
          0.6997020390538403,
          0.7028040602346316,
          0.021189142690033094,
          0.9482736349462632,
          0.004158828004507913,
          0.7982666782316936,
          0.6872725878069612,
          0.0,
          0.3333333333333333,
          0.6045309775610838,
          0.0,
          0.9872541777180737,
          0.31699250014423125,
          0.4,
          0.8,
          0.2
        ],
        "results": {
          "4.0": {
            "score": Infinity,
            "cost": -1,
            "info": {}
          }
        }
      },
      {
        "config_id": 19,
        "config": [
          0.7590586342080217,
          0.4884297781214273,
          0.9943062428410001,
          0.39259469106083167,
          0.26275405605938995,
          0.36561285000528926,
          0.9635130409954006,
          0.0,
          0.3333333333333333,
          0.21533827903669653,
          0.75,
          0.066905281154323,
          0.9084808387804362,
          0.6,
          0.0,
          0.2
        ],
        "results": {
          "4.0": {
            "score": Infinity,
            "cost": -1,
            "info": {}
          }
        }
      },
      {
        "config_id": 20,
        "config": [
          0.09698047991599137,
          0.3494370945826504,
          0.26344596114101154,
          0.04685059078126907,
          0.3941024530081266,
          0.6405323762602432,
          0.616872593359534,
          0.6666666666666666,
          0.0,
          0.0,
          0.25,
          0.5919795671265926,
          0.8861086905995393,
          0.8,
          1.0,
          0.0
        ],
        "results": {
          "4.0": {
            "score": Infinity,
            "cost": -1,
            "info": {}
          }
        }
      },
      {
        "config_id": 21,
        "config": [
          0.11110654170398418,
          0.5286629893632374,
          0.1595636345667338,
          0.4852478487091194,
          0.9820676188185827,
          0.6992875840171972,
          0.5521741477768366,
          0.3333333333333333,
          0.3333333333333333,
          0.3891926985243873,
          0.5,
          0.2476118369019209,
          0.0,
          0.6,
          0.6,
          0.0
        ],
        "results": {
          "4.0": {
            "score": Infinity,
            "cost": -1,
            "info": {}
          }
        }
      },
      {
        "config_id": 22,
        "config": [
          0.3165723378004978,
          0.6964420368094734,
          0.745336947289072,
          0.30326238602117267,
          0.9774278447224143,
          0.8644598854355597,
          0.19102882842634294,
          0.0,
          0.6666666666666666,
          0.5566413762796892,
          0.875,
          0.24536125845346102,
          0.9625708843064466,
          0.4,
          0.4,
          1.0
        ],
        "results": {
          "4.0": {
            "score": Infinity,
            "cost": -1,
            "info": {}
          }
        }
      },
      {
        "config_id": 23,
        "config": [
          0.3148002415012374,
          0.5752176928587611,
          0.6103251418707323,
          0.6679929969352144,
          0.41970922178138703,
          0.2612652643877899,
          0.6409921908355076,
          0.3333333333333333,
          0.0,
          0.6045309775610838,
          0.125,
          0.18878604867417006,
          0.5357552004618084,
          0.2,
          1.0,
          0.2
        ],
        "results": {
          "4.0": {
            "score": Infinity,
            "cost": -1,
            "info": {}
          }
        }
      },
      {
        "config_id": 24,
        "config": [
          0.5169352767482979,
          0.19369725502836257,
          0.9911824933269036,
          0.4713369185268144,
          0.18945009056881437,
          0.5325127856685827,
          0.5069811406767446,
          0.0,
          0.0,
          0.8613531161467861,
          0.75,
          0.5904583652855916,
          0.8348728154231078,
          0.4,
          0.6,
          0.0
        ],
        "results": {
          "4.0": {
            "score": Infinity,
            "cost": -1,
            "info": {}
          }
        }
      },
      {
        "config_id": 25,
        "config": [
          0.38681234673591514,
          0.550225626940941,
          0.35819029077425324,
          0.7594655212271194,
          0.021225371890467627,
          0.28751667466782305,
          0.25908811375776714,
          0.0,
          0.3333333333333333,
          0.3891926985243873,
          0.125,
          0.08522124121517721,
          0.6977279923499916,
          0.4,
          0.4,
          0.2
        ],
        "results": {
          "4.0": {
            "score": Infinity,
            "cost": -1,
            "info": {}
          }
        }
      },
      {
        "config_id": 26,
        "config": [
          0.18086848695036117,
          0.42567198373024173,
          0.7333653707851496,
          0.28831125322602874,
          0.08201264238931799,
          0.45036835309789497,
          0.04824731859230279,
          0.6666666666666666,
          0.6666666666666666,
          0.0,
          0.0,
          0.8343631243356234,
          0.09999999999999999,
          0.2,
          0.4,
          0.8
        ],
        "results": {
          "4.0": {
            "score": Infinity,
            "cost": -1,
            "info": {}
          }
        }
      },
      {
        "config_id": 27,
        "config": [
          0.6224817035409683,
          0.7482168124145424,
          0.26885253709486623,
          0.9615030959665727,
          0.3123896387196446,
          0.4053052908269784,
          0.42691877797677635,
          0.6666666666666666,
          0.6666666666666666,
          0.3891926985243873,
          0.375,
          0.023504398551670608,
          0.8044394119358453,
          0.8,
          0.0,
          0.2
        ],
        "results": {
          "12.0": {
            "score": Infinity,
            "cost": -1,
            "info": {}
          }
        }
      },
      {
        "config_id": 28,
        "config": [
          0.09031405136580431,
          0.48065006119008635,
          0.8940730082350806,
          0.7855445377246173,
          0.8906242611674591,
          0.5739244989622864,
          0.779683477862289,
          0.0,
          0.3333333333333333,
          0.3891926985243873,
          0.5,
          0.38720358481958433,
          0.5832890014164742,
          0.8,
          0.0,
          0.6
        ],
        "results": {
          "12.0": {
            "score": Infinity,
            "cost": -1,
            "info": {}
          }
        }
      },
      {
        "config_id": 29,
        "config": [
          0.9872976820493583,
          0.5742175667770159,
          0.7296693986070533,
          0.042543445673539564,
          0.92276237995541,
          0.28783234657618706,
          0.33396443835284173,
          0.3333333333333333,
          0.3333333333333333,
          0.2846617209633035,
          0.25,
          0.6288565822272563,
          0.15849625007211562,
          1.0,
          0.4,
          0.0
        ],
        "results": {
          "12.0": {
            "score": Infinity,
            "cost": -1,
            "info": {}
          }
        }
      },
      {
        "config_id": 30,
        "config": [
          0.9336103097899396,
          0.666312521316692,
          0.9050809062099051,
          0.38017213471389494,
          0.2618749990253871,
          0.9415563614055481,
          0.31766590143317563,
          0.6666666666666666,
          0.6666666666666666,
          0.3413030972429927,
          0.125,
          0.7599869143259677,
          0.8573647187493323,
          0.4,
          0.6,
          0.6
        ],
        "results": {
          "12.0": {
            "score": Infinity,
            "cost": -1,
            "info": {}
          }
        }
      },
      {
        "config_id": 31,
        "config": [
          0.14653797237760144,
          0.5111487518595267,
          0.9248503630387223,
          0.8551305492692892,
          0.2803267869439237,
          0.496876786077105,
          0.7228102201955319,
          0.0,
          0.0,
          0.0,
          0.375,
          0.7684101334029808,
          0.5643856189774724,
          0.0,
          0.4,
          0.0
        ],
        "results": {
          "12.0": {
            "score": Infinity,
            "cost": -1,
            "info": {}
          }
        }
      },
      {
        "config_id": 32,
        "config": [
          0.11245925208870072,
          0.13502931716270358,
          0.531142242696659,
          0.007757378519684894,
          0.9614588680540446,
          0.9259832116875684,
          0.31710715119660343,
          0.3333333333333333,
          0.0,
          0.12596481820629613,
          0.125,
          0.8431288141746611,
          0.8933690654952234,
          0.6,
          0.0,
          0.2
        ],
        "results": {
          "12.0": {
            "score": Infinity,
            "cost": -1,
            "info": {}
          }
        }
      },
      {
        "config_id": 33,
        "config": [
          0.3468394097694288,
          0.5174189610637597,
          0.07765727997627338,
          0.9788052093453654,
          0.1787665855311381,
          0.4558966805994173,
          0.4166936844091187,
          0.0,
          0.3333333333333333,
          0.4672679154492888,
          0.25,
          0.5232117028690542,
          0.23219280948873622,
          0.0,
          0.0,
          0.4
        ],
        "results": {
          "12.0": {
            "score": Infinity,
            "cost": -1,
            "info": {}
          }
        }
      },
      {
        "config_id": 34,
        "config": [
          0.6877622780646244,
          0.5664219041432474,
          0.9553439685291438,
          0.9628256172173483,
          0.16000174481440288,
          0.2847226609997511,
          0.18532060148111826,
          0.6666666666666666,
          0.6666666666666666,
          0.21533827903669653,
          0.375,
          0.7406747557700523,
          0.8848622940429338,
          0.2,
          1.0,
          0.8
        ],
        "results": {
          "12.0": {
            "score": Infinity,
            "cost": -1,
            "info": {}
          }
        }
      },
      {
        "config_id": 35,
        "config": [
          0.7563160670492086,
          0.5520174344508791,
          0.5312960614803237,
          0.17382523604067052,
          0.8663811850830719,
          0.6935025826050331,
          0.5111655377824125,
          0.3333333333333333,
          0.3333333333333333,
          0.12596481820629613,
          0.75,
          0.08021999203397166,
          0.5357552004618084,
          0.8,
          1.0,
          0.6
        ],
        "results": {
          "12.0": {
            "score": Infinity,
            "cost": -1,
            "info": {}
          }
        }
      },
      {
        "config_id": 36,
        "config": [
          0.7167806717715051,
          0.6182703904598273,
          0.2753162122383582,
          0.4747671006187051,
          0.692660480763718,
          0.8107912685756388,
          0.12877023682545596,
          0.0,
          0.3333333333333333,
          0.3413030972429927,
          0.125,
          0.1572236607177141,
          0.15849625007211562,
          0.2,
          0.6,
          0.6
        ],
        "results": {
          "36.0": {
            "score": Infinity,
            "cost": -1,
            "info": {}
          }
        }
      },
      {
        "config_id": 37,
        "config": [
          0.5080073497783655,
          0.6898279972828072,
          0.6797080008543727,
          0.8768706574720518,
          0.7135050965080144,
          0.21118345236379138,
          0.23459452250147145,
          0.0,
          0.0,
          0.9873179343530823,
          0.25,
          0.32604914683733494,
          0.5,
          0.8,
          0.8,
          1.0
        ],
        "results": {
          "36.0": {
            "score": Infinity,
            "cost": -1,
            "info": {}
          }
        }
      },
      {
        "config_id": 38,
        "config": [
          0.21076405549637842,
          0.08516261933648776,
          0.20817247488302876,
          0.5537847480273856,
          0.7314577570105467,
          0.6125626852756517,
          0.6238481499677536,
          0.0,
          0.3333333333333333,
          0.5296097721657925,
          0.125,
          0.45601170275820513,
          0.09999999999999999,
          0.2,
          0.6,
          0.2
        ],
        "results": {
          "36.0": {
            "score": Infinity,
            "cost": -1,
            "info": {}
          }
        }
      },
      {
        "config_id": 39,
        "config": [
          0.6781894025356734,
          0.830319951569069,
          0.7683723058633798,
          0.4934422351190504,
          0.8986904013241841,
          0.9416745488630102,
          0.6290442207417499,
          0.6666666666666666,
          0.6666666666666666,
          0.6460148371100896,
          0.125,
          0.3687820799734502,
          0.15849625007211562,
          0.2,
          0.6,
          0.6
        ],
        "results": {
          "36.0": {
            "score": Infinity,
            "cost": -1,
            "info": {}
          }
        }
      },
      {
        "config_id": 40,
        "config": [
          0.7885630789989742,
          0.01005193171963597,
          0.08011801621131655,
          0.9133237397849827,
          0.7975297752035597,
          0.2385009288859554,
          0.8842583104130609,
          0.0,
          0.0,
          0.9873179343530823,
          0.75,
          0.9599935714629122,
          0.0,
          0.4,
          0.0,
          0.4
        ],
        "results": {
          "36.0": {
            "score": Infinity,
            "cost": -1,
            "info": {}
          }
        }
      },
      {
        "config_id": 41,
        "config": [
          0.7722165900812503,
          0.18936272828940864,
          0.6823082835224129,
          0.4685856908384676,
          0.7396495234380014,
          0.5976443503284805,
          0.6828501270968134,
          0.3333333333333333,
          0.3333333333333333,
          0.0,
          0.25,
          0.058858785235728024,
          0.4523561956057013,
          0.8,
          1.0,
          0.6
        ],
        "results": {
          "36.0": {
            "score": Infinity,
            "cost": -1,
            "info": {}
          }
        }
      },
      {
        "config_id": 42,
        "config": [
          0.47701767073468204,
          0.0844048746705151,
          0.5920304135728,
          0.12413305584519568,
          0.9576772009430647,
          0.43544201181931513,
          0.5314002918725265,
          0.0,
          0.3333333333333333,
          0.6994031211808788,
          0.875,
          0.8888492040435166,
          0.31699250014423125,
          0.0,
          0.4,
          0.8
        ],
        "results": {
          "108.0": {
            "score": Infinity,
            "cost": -1,
            "info": {}
          }
        }
      },
      {
        "config_id": 43,
        "config": [
          0.4264807008169223,
          0.6153328013888115,
          0.3204697580173842,
          0.7024053462868561,
          0.8850717214715497,
          0.08896264553816978,
          0.2821094580380871,
          0.0,
          0.3333333333333333,
          0.9937236760854712,
          0.75,
          0.350257737721432,
          0.4523561956057013,
          1.0,
          0.0,
          0.8
        ],
        "results": {
          "108.0": {
            "score": Infinity,
            "cost": -1,
            "info": {}
          }
        }
      },
      {
        "config_id": 44,
        "config": [
          0.10531233699927338,
          0.9807057396298346,
          0.2967058100653036,
          0.9168463365991266,
          0.10469701924829064,
          0.8001913284531007,
          0.38720509668438224,
          0.6666666666666666,
          0.6666666666666666,
          0.8085710126922815,
          0.625,
          0.7255571660697298,
          0.8366322214245816,
          0.6,
          0.8,
          0.2
        ],
        "results": {
          "108.0": {
            "score": Infinity,
            "cost": -1,
            "info": {}
          }
        }
      },
      {
        "config_id": 45,
        "config": [
          0.15816091169021007,
          0.7740178056285583,
          0.5916448112062604,
          0.6754835710080821,
          0.5519025729707727,
          0.7382697498412532,
          0.003901462581240248,
          0.0,
          0.6666666666666666,
          0.43067655807339306,
          1.0,
          0.34272561806852125,
          0.9164906926675689,
          1.0,
          0.4,
          0.8
        ],
        "results": {
          "108.0": {
            "score": Infinity,
            "cost": -1,
            "info": {}
          }
        }
      }
    ]
  }
}